-- phpMyAdmin SQL Dump
-- version 5.0.2
-- https://www.phpmyadmin.net/
--
-- Host: 127.0.0.1
-- Generation Time: Nov 09, 2021 at 07:07 PM
-- Server version: 10.4.14-MariaDB
-- PHP Version: 7.2.33

SET SQL_MODE = "NO_AUTO_VALUE_ON_ZERO";
START TRANSACTION;
SET time_zone = "+00:00";


/*!40101 SET @OLD_CHARACTER_SET_CLIENT=@@CHARACTER_SET_CLIENT */;
/*!40101 SET @OLD_CHARACTER_SET_RESULTS=@@CHARACTER_SET_RESULTS */;
/*!40101 SET @OLD_COLLATION_CONNECTION=@@COLLATION_CONNECTION */;
/*!40101 SET NAMES utf8mb4 */;

--
-- Database: `db_sejarahbkl`
--

-- --------------------------------------------------------

--
-- Table structure for table `tbl_about`
--

CREATE TABLE `tbl_about` (
  `about_id` int(11) NOT NULL,
  `about_image` varchar(100) DEFAULT NULL,
  `about_description` text DEFAULT NULL
) ENGINE=InnoDB DEFAULT CHARSET=latin1;

--
-- Dumping data for table `tbl_about`
--

INSERT INTO `tbl_about` (`about_id`, `about_image`, `about_description`) VALUES
(1, 'tugu-thomas-parr.jpg', 'SEJARAH BENGKULU adalah web yang menampilkan konten-konten sejarah seputar kota Bengkulu.<br><br><br>\r\n');

-- --------------------------------------------------------

--
-- Table structure for table `tbl_category`
--

CREATE TABLE `tbl_category` (
  `category_id` int(11) NOT NULL,
  `category_name` varchar(200) DEFAULT NULL,
  `category_slug` varchar(200) DEFAULT NULL
) ENGINE=InnoDB DEFAULT CHARSET=latin1;

--
-- Dumping data for table `tbl_category`
--

INSERT INTO `tbl_category` (`category_id`, `category_name`, `category_slug`) VALUES
(4, 'Kategori 1', 'kategori-1'),
(5, 'Kategori 2', 'kategori-2'),
(6, 'Kategori 3', 'kategori-3'),
(7, 'Kategori 4', 'kategori-4');

-- --------------------------------------------------------

--
-- Table structure for table `tbl_comment`
--

CREATE TABLE `tbl_comment` (
  `comment_id` int(11) NOT NULL,
  `comment_date` timestamp NULL DEFAULT current_timestamp(),
  `comment_name` varchar(60) DEFAULT NULL,
  `comment_email` varchar(90) DEFAULT NULL,
  `comment_message` text DEFAULT NULL,
  `comment_status` int(11) DEFAULT 0,
  `comment_parent` int(11) DEFAULT 0,
  `comment_post_id` int(11) DEFAULT NULL,
  `comment_image` varchar(50) DEFAULT NULL
) ENGINE=InnoDB DEFAULT CHARSET=latin1;

--
-- Dumping data for table `tbl_comment`
--

INSERT INTO `tbl_comment` (`comment_id`, `comment_date`, `comment_name`, `comment_email`, `comment_message`, `comment_status`, `comment_parent`, `comment_post_id`, `comment_image`) VALUES
(5, '2021-11-01 18:20:04', 'Andrei', 'andrei@gmail.com', 'Sangat bermanfaat.', 1, 0, 6, 'user_blank.png'),
(6, '2021-11-09 15:28:16', 'Elvika Ghea Valencia', 'elvikaghea@gmail.com', 'Terimakasih.', 1, 5, 6, '85ea077fade7059781fbd5e975c2cf36.jpeg');

-- --------------------------------------------------------

--
-- Table structure for table `tbl_home`
--

CREATE TABLE `tbl_home` (
  `home_id` int(11) NOT NULL,
  `home_caption_1` varchar(200) DEFAULT NULL,
  `home_caption_2` varchar(200) DEFAULT NULL,
  `home_bg_heading` varchar(50) DEFAULT NULL,
  `home_bg_testimonial` varchar(50) DEFAULT NULL
) ENGINE=InnoDB DEFAULT CHARSET=latin1;

--
-- Dumping data for table `tbl_home`
--

INSERT INTO `tbl_home` (`home_id`, `home_caption_1`, `home_caption_2`, `home_bg_heading`, `home_bg_testimonial`) VALUES
(1, 'SEJARAH BENGKULU', 'KISAH LAMPAU KOTA BENGKULU', 'Benteng-Marlborough.jpg', 'image_8.png');

-- --------------------------------------------------------

--
-- Table structure for table `tbl_inbox`
--

CREATE TABLE `tbl_inbox` (
  `inbox_id` int(11) NOT NULL,
  `inbox_name` varchar(50) DEFAULT NULL,
  `inbox_email` varchar(80) DEFAULT NULL,
  `inbox_subject` varchar(200) DEFAULT NULL,
  `inbox_message` text DEFAULT NULL,
  `inbox_created_at` timestamp NULL DEFAULT current_timestamp(),
  `inbox_status` varchar(2) DEFAULT '0' COMMENT '0=Unread, 1=Read'
) ENGINE=InnoDB DEFAULT CHARSET=latin1;

--
-- Dumping data for table `tbl_inbox`
--

INSERT INTO `tbl_inbox` (`inbox_id`, `inbox_name`, `inbox_email`, `inbox_subject`, `inbox_message`, `inbox_created_at`, `inbox_status`) VALUES
(2, 'Andrei', 'andrei@gmail.com', 'Request Artikel', 'Apa bisa anda membuat artikel sejarah mengenai Benteng Marlborough ?', '2021-11-08 11:49:26', '1');

-- --------------------------------------------------------

--
-- Table structure for table `tbl_navbar`
--

CREATE TABLE `tbl_navbar` (
  `navbar_id` int(11) NOT NULL,
  `navbar_name` varchar(50) DEFAULT NULL,
  `navbar_slug` varchar(200) DEFAULT NULL,
  `navbar_parent_id` int(11) DEFAULT 0
) ENGINE=InnoDB DEFAULT CHARSET=latin1;

--
-- Dumping data for table `tbl_navbar`
--

INSERT INTO `tbl_navbar` (`navbar_id`, `navbar_name`, `navbar_slug`, `navbar_parent_id`) VALUES
(1, 'Home', NULL, 0),
(2, 'About', 'about', 0),
(3, 'Blog', 'blog', 0),
(4, 'Contact', 'contact', 0),
(5, 'Kategori 1', 'category/kategori-1', 3),
(10, 'Kategori 2', 'category/kategori-2', 3),
(12, 'Kategori 3', 'category/kategori-3', 3),
(13, 'Kategori 4', 'category/kategori-4', 3);

-- --------------------------------------------------------

--
-- Table structure for table `tbl_post`
--

CREATE TABLE `tbl_post` (
  `post_id` int(11) NOT NULL,
  `post_title` varchar(250) DEFAULT NULL,
  `post_description` text DEFAULT NULL,
  `post_contents` longtext DEFAULT NULL,
  `post_image` varchar(40) DEFAULT NULL,
  `post_date` timestamp NULL DEFAULT current_timestamp(),
  `post_last_update` datetime DEFAULT NULL,
  `post_category_id` int(11) DEFAULT NULL,
  `post_tags` varchar(225) DEFAULT NULL,
  `post_slug` varchar(250) DEFAULT NULL,
  `post_status` int(11) DEFAULT NULL COMMENT '1=Publish, 0=Unpublish',
  `post_views` int(11) DEFAULT 0,
  `post_user_id` int(11) DEFAULT NULL
) ENGINE=InnoDB DEFAULT CHARSET=latin1;

--
-- Dumping data for table `tbl_post`
--

INSERT INTO `tbl_post` (`post_id`, `post_title`, `post_description`, `post_contents`, `post_image`, `post_date`, `post_last_update`, `post_category_id`, `post_tags`, `post_slug`, `post_status`, `post_views`, `post_user_id`) VALUES
(1, 'Menelusuri Jejak Penjajahan Di Kota Bengkulu', '', '<p>Ini adalah artikel konten Ini adalah artikel konten Ini adalah artikel konten Ini adalah artikel konten Ini adalah artikel konten Ini adalah artikel konten.</p><p>Ini adalah artikel konten Ini adalah artikel konten Ini adalah artikel konten Ini adalah artikel konten Ini adalah artikel konten.</p><p>Ini adalah artikel konten Ini adalah artikel konten Ini adalah artikel konten Ini adalah artikel konten Ini adalah artikel konten Ini adalah artikel konten.</p><p>Ini adalah artikel konten Ini adalah artikel konten Ini adalah artikel konten Ini adalah artikel konten Ini adalah artikel konten Ini adalah artikel konten Ini adalah artikel konten Ini adalah artikel konten Ini adalah artikel konten Ini adalah artikel konten.</p><h3>Ini adalah Sub Heading&nbsp;</h3><p>Ini adalah artikel konten Ini adalah artikel konten Ini adalah artikel konten Ini adalah artikel konten Ini adalah artikel konten Ini adalah artikel konten Ini adalah artikel konten Ini adalah artikel konten Ini adalah artikel konten Ini adalah artikel konten.</p><p>Ini adalah artikel konten Ini adalah artikel konten Ini adalah artikel konten Ini adalah artikel konten Ini adalah artikel konten Ini adalah artikel konten Ini adalah artikel konten Ini adalah artikel konten Ini adalah artikel konten Ini adalah artikel konten.</p><p>Ini adalah artikel konten Ini adalah artikel konten Ini adalah artikel konten Ini adalah artikel konten Ini adalah artikel konten Ini adalah artikel konten Ini adalah artikel konten Ini adalah artikel konten Ini adalah artikel konten Ini adalah artikel konten.</p><p>Ini adalah artikel konten Ini adalah artikel konten Ini adalah artikel konten Ini adalah artikel konten Ini adalah artikel konten Ini adalah artikel konten Ini adalah artikel konten Ini adalah artikel konten Ini adalah artikel konten Ini adalah artikel konten.</p><p>Ini adalah artikel konten Ini adalah artikel konten Ini adalah artikel konten Ini adalah artikel konten Ini adalah artikel konten Ini adalah artikel konten Ini adalah artikel konten Ini adalah artikel konten Ini adalah artikel konten Ini adalah artikel konten.</p><p>Ini adalah artikel konten Ini adalah artikel konten Ini adalah artikel konten Ini adalah artikel konten Ini adalah artikel konten Ini adalah artikel konten Ini adalah artikel konten Ini adalah artikel konten Ini adalah artikel konten Ini adalah artikel konten.<br></p>', '770dc25df845ceaaf5ceee40c1bc25b7.png', '2021-11-08 07:45:42', '2021-11-10 01:05:44', 4, 'Tag 2', 'jejak-penjajahan', 1, 7, 2),
(2, 'Mengenal Lebih Dalam Kampung Cina Kota Bengkulu', '', '<p style=\"outline: 0px !important;\">Ini adalah artikel konten Ini adalah artikel konten Ini adalah artikel konten Ini adalah artikel konten Ini adalah artikel konten Ini adalah artikel konten.</p><p>Ini adalah artikel konten Ini adalah artikel konten Ini adalah artikel konten Ini adalah artikel konten Ini adalah artikel konten.</p><p>Ini adalah artikel konten Ini adalah artikel konten Ini adalah artikel konten Ini adalah artikel konten Ini adalah artikel konten Ini adalah artikel konten.</p><p>Ini adalah artikel konten Ini adalah artikel konten Ini adalah artikel konten Ini adalah artikel konten Ini adalah artikel konten Ini adalah artikel konten Ini adalah artikel konten Ini adalah artikel konten Ini adalah artikel konten Ini adalah artikel konten.</p><h3 style=\"font-family: \" open=\"\" sans\",=\"\" sans-serif;=\"\" color:=\"\" rgb(78,=\"\" 94,=\"\" 106);\"=\"\">Ini adalah Sub Heading&nbsp;</h3><p>Ini adalah artikel konten Ini adalah artikel konten Ini adalah artikel konten Ini adalah artikel konten Ini adalah artikel konten Ini adalah artikel konten Ini adalah artikel konten Ini adalah artikel konten Ini adalah artikel konten Ini adalah artikel konten.</p><p>Ini adalah artikel konten Ini adalah artikel konten Ini adalah artikel konten Ini adalah artikel konten Ini adalah artikel konten Ini adalah artikel konten Ini adalah artikel konten Ini adalah artikel konten Ini adalah artikel konten Ini adalah artikel konten.</p><p>Ini adalah artikel konten Ini adalah artikel konten Ini adalah artikel konten Ini adalah artikel konten Ini adalah artikel konten Ini adalah artikel konten Ini adalah artikel konten Ini adalah artikel konten Ini adalah artikel konten Ini adalah artikel konten.</p><p>Ini adalah artikel konten Ini adalah artikel konten Ini adalah artikel konten Ini adalah artikel konten Ini adalah artikel konten Ini adalah artikel konten Ini adalah artikel konten Ini adalah artikel konten Ini adalah artikel konten Ini adalah artikel konten.</p><p>Ini adalah artikel konten Ini adalah artikel konten Ini adalah artikel konten Ini adalah artikel konten Ini adalah artikel konten Ini adalah artikel konten Ini adalah artikel konten Ini adalah artikel konten Ini adalah artikel konten Ini adalah artikel konten.</p><p>Ini adalah artikel konten Ini adalah artikel konten Ini adalah artikel konten Ini adalah artikel konten Ini adalah artikel konten Ini adalah artikel konten Ini adalah artikel konten Ini adalah artikel konten Ini adalah artikel konten Ini adalah artikel konten.</p>', 'de7d622a27fe9d30d36752b8eb64f96e.jpg', '2021-11-05 07:52:06', '2021-11-09 23:37:03', 5, 'Tag 2,Tag 3', 'mengenal-lebih-dalam-kampung-cina-kota-bengkulu', 1, 5, 2),
(4, 'Perkembangan Pantai Panjang Kota Bengkulu', '', '<p>Ini adalah artikel konten Ini adalah artikel konten Ini adalah artikel konten Ini adalah artikel konten Ini adalah artikel konten Ini adalah artikel konten.</p><p style=\"outline: 0px !important;\">Ini adalah artikel konten Ini adalah artikel konten Ini adalah artikel konten Ini adalah artikel konten Ini adalah artikel konten.</p><p>Ini adalah artikel konten Ini adalah artikel konten Ini adalah artikel konten Ini adalah artikel konten Ini adalah artikel konten Ini adalah artikel konten.</p><p>Ini adalah artikel konten Ini adalah artikel konten Ini adalah artikel konten Ini adalah artikel konten Ini adalah artikel konten Ini adalah artikel konten Ini adalah artikel konten Ini adalah artikel konten Ini adalah artikel konten Ini adalah artikel konten.</p><h3 style=\"font-family: \" open=\"\" sans\",=\"\" sans-serif;=\"\" color:=\"\" rgb(78,=\"\" 94,=\"\" 106);\"=\"\">Ini adalah Sub Heading&nbsp;</h3><p>Ini adalah artikel konten Ini adalah artikel konten Ini adalah artikel konten Ini adalah artikel konten Ini adalah artikel konten Ini adalah artikel konten Ini adalah artikel konten Ini adalah artikel konten Ini adalah artikel konten Ini adalah artikel konten.</p><p>Ini adalah artikel konten Ini adalah artikel konten Ini adalah artikel konten Ini adalah artikel konten Ini adalah artikel konten Ini adalah artikel konten Ini adalah artikel konten Ini adalah artikel konten Ini adalah artikel konten Ini adalah artikel konten.</p><p style=\"outline: 0px !important;\">Ini adalah artikel konten Ini adalah artikel konten Ini adalah artikel konten Ini adalah artikel konten Ini adalah artikel konten Ini adalah artikel konten Ini adalah artikel konten Ini adalah artikel konten Ini adalah artikel konten Ini adalah artikel konten.</p><p>Ini adalah artikel konten Ini adalah artikel konten Ini adalah artikel konten Ini adalah artikel konten Ini adalah artikel konten Ini adalah artikel konten Ini adalah artikel konten Ini adalah artikel konten Ini adalah artikel konten Ini adalah artikel konten.</p><p>Ini adalah artikel konten Ini adalah artikel konten Ini adalah artikel konten Ini adalah artikel konten Ini adalah artikel konten Ini adalah artikel konten Ini adalah artikel konten Ini adalah artikel konten Ini adalah artikel konten Ini adalah artikel konten.</p><p>Ini adalah artikel konten Ini adalah artikel konten Ini adalah artikel konten Ini adalah artikel konten Ini adalah artikel konten Ini adalah artikel konten Ini adalah artikel konten Ini adalah artikel konten Ini adalah artikel konten Ini adalah artikel konten.</p>', '3895c4a0bce9778ed96b6d5e3b284eca.jpg', '2021-11-07 12:26:55', '2021-11-09 23:37:11', 6, 'Tag 4', 'perkembangan-pantai-panjang-kota-bengkulu', 1, 11, 1),
(6, '&quot;Fort Marlborough&quot; Benteng Pendirian Tentara Inggris', '', '<p>Ini adalah artikel konten Ini adalah artikel konten Ini adalah artikel konten Ini adalah artikel konten Ini adalah artikel konten Ini adalah artikel konten.</p><p style=\"outline: 0px !important;\">Ini adalah artikel konten Ini adalah artikel konten Ini adalah artikel konten Ini adalah artikel konten Ini adalah artikel konten.</p><p>Ini adalah artikel konten Ini adalah artikel konten Ini adalah artikel konten Ini adalah artikel konten Ini adalah artikel konten Ini adalah artikel konten.</p><p>Ini adalah artikel konten Ini adalah artikel konten Ini adalah artikel konten Ini adalah artikel konten Ini adalah artikel konten Ini adalah artikel konten Ini adalah artikel konten Ini adalah artikel konten Ini adalah artikel konten Ini adalah artikel konten.</p><h3 style=\"font-family: \" open=\"\" sans\",=\"\" sans-serif;=\"\" color:=\"\" rgb(78,=\"\" 94,=\"\" 106);\"=\"\">Ini adalah Sub Heading&nbsp;</h3><p style=\"outline: 0px !important;\">Ini adalah artikel konten Ini adalah artikel konten Ini adalah artikel konten Ini adalah artikel konten Ini adalah artikel konten Ini adalah artikel konten Ini adalah artikel konten Ini adalah artikel konten Ini adalah artikel konten Ini adalah artikel konten.</p><p>Ini adalah artikel konten Ini adalah artikel konten Ini adalah artikel konten Ini adalah artikel konten Ini adalah artikel konten Ini adalah artikel konten Ini adalah artikel konten Ini adalah artikel konten Ini adalah artikel konten Ini adalah artikel konten.</p><p style=\"outline: 0px !important;\">Ini adalah artikel konten Ini adalah artikel konten Ini adalah artikel konten Ini adalah artikel konten Ini adalah artikel konten Ini adalah artikel konten Ini adalah artikel konten Ini adalah artikel konten Ini adalah artikel konten Ini adalah artikel konten.</p><p>Ini adalah artikel konten Ini adalah artikel konten Ini adalah artikel konten Ini adalah artikel konten Ini adalah artikel konten Ini adalah artikel konten Ini adalah artikel konten Ini adalah artikel konten Ini adalah artikel konten Ini adalah artikel konten.</p><p>Ini adalah artikel konten Ini adalah artikel konten Ini adalah artikel konten Ini adalah artikel konten Ini adalah artikel konten Ini adalah artikel konten Ini adalah artikel konten Ini adalah artikel konten Ini adalah artikel konten Ini adalah artikel konten.</p><p>Ini adalah artikel konten Ini adalah artikel konten Ini adalah artikel konten Ini adalah artikel konten Ini adalah artikel konten Ini adalah artikel konten Ini adalah artikel konten Ini adalah artikel konten Ini adalah artikel konten Ini adalah artikel konten.</p>', '9603b00b4269bc51f2f5097edfb4851c.jpg', '2021-11-03 13:05:56', '2021-11-10 00:52:14', 7, 'Tag 1,Tag 4', 'fort-marlborough-benteng-pendirian-tentara-inggris', 1, 17, 5);

-- --------------------------------------------------------

--
-- Table structure for table `tbl_post_views`
--

CREATE TABLE `tbl_post_views` (
  `view_id` int(11) NOT NULL,
  `view_date` timestamp NULL DEFAULT current_timestamp(),
  `view_ip` varchar(50) DEFAULT NULL,
  `view_post_id` int(11) DEFAULT NULL
) ENGINE=InnoDB DEFAULT CHARSET=latin1;

--
-- Dumping data for table `tbl_post_views`
--

INSERT INTO `tbl_post_views` (`view_id`, `view_date`, `view_ip`, `view_post_id`) VALUES
(1, '2019-04-06 13:33:39', '::1', 6),
(2, '2019-04-06 23:04:18', '::1', 6),
(3, '2019-04-07 03:32:54', '::1', 5),
(4, '2019-04-07 03:33:14', '::1', 4),
(5, '2019-04-07 04:03:50', '::1', 3),
(6, '2019-04-09 12:19:36', '::1', 6),
(7, '2019-04-09 13:28:30', '::1', 4),
(8, '2019-04-10 01:33:10', '::1', 5),
(9, '2019-04-10 10:00:27', '::1', 2),
(10, '2019-04-10 10:58:17', '::1', 1),
(11, '2019-04-10 13:20:32', '::1', 3),
(12, '2019-04-10 13:20:46', '::1', 6),
(13, '2019-04-11 03:32:18', '::1', 6),
(14, '2019-04-11 04:24:22', '::1', 4),
(15, '2019-04-11 07:58:35', '::1', 2),
(16, '2019-04-12 04:23:04', '::1', 6),
(17, '2019-04-12 10:09:30', '::1', 5),
(18, '2019-04-13 01:42:27', '::1', 6),
(19, '2019-04-13 02:01:01', '::1', 5),
(20, '2019-04-13 02:01:18', '::1', 3),
(21, '2019-04-13 03:23:34', '::1', 4),
(22, '2019-04-14 01:39:17', '::1', 1),
(23, '2019-04-14 03:24:24', '::1', 3),
(24, '2019-04-14 04:08:24', '::1', 2),
(25, '2019-04-15 03:44:42', '::1', 6),
(26, '2019-12-19 02:28:13', '::1', 6),
(27, '2019-12-19 02:29:33', '::1', 7),
(28, '2019-12-28 03:44:29', '::1', 7),
(29, '2019-12-28 07:44:18', '::1', 3),
(30, '2019-12-28 07:44:24', '::1', 2),
(31, '2019-12-28 08:06:56', '::1', 6),
(32, '2019-12-30 03:36:11', '::1', 4),
(33, '2019-12-30 04:21:54', '::1', 7),
(34, '2019-12-31 02:54:27', '::1', 4),
(35, '2019-12-31 02:58:04', '::1', 7),
(36, '2019-12-31 02:59:37', '::1', 1),
(37, '2019-12-31 03:58:35', '::1', 6),
(38, '2020-01-01 02:54:01', '::1', 7),
(39, '2020-01-01 03:19:14', '::1', 6),
(40, '2020-01-02 02:05:56', '::1', 4),
(41, '2020-01-02 03:16:32', '::1', 7),
(42, '2020-01-02 03:24:37', '::1', 1),
(43, '2020-01-03 03:20:23', '::1', 3),
(44, '2020-01-03 03:21:18', '::1', 6),
(45, '2020-01-03 04:03:10', '::1', 7),
(46, '2020-01-04 03:59:33', '::1', 5),
(47, '2020-01-04 04:04:33', '::1', 11),
(48, '2020-01-04 04:06:22', '::1', 10),
(49, '2020-01-04 04:23:16', '::1', 16),
(50, '2020-01-04 05:51:45', '::1', 15),
(51, '2020-01-07 03:12:53', '::1', 15),
(52, '2020-01-12 04:42:18', '::1', 9),
(53, '2021-10-27 18:07:39', '::1', 8),
(54, '2021-11-01 18:13:05', '::1', 6),
(55, '2021-11-06 19:08:34', '::1', 4),
(56, '2021-11-08 11:45:12', '::1', 7),
(57, '2021-11-08 11:46:33', '::1', 6),
(58, '2021-11-08 11:47:02', '::1', 4),
(59, '2021-11-08 11:56:22', '::1', 1),
(60, '2021-11-09 11:44:41', '::1', 1),
(61, '2021-11-09 12:20:05', '::1', 6),
(62, '2021-11-09 15:27:52', '::1', 4),
(63, '2021-11-09 15:27:52', '::1', 2),
(64, '2021-11-09 17:51:26', '::1', 4),
(65, '2021-11-09 17:51:48', '::1', 6),
(66, '2021-11-09 18:01:59', '::1', 1);

-- --------------------------------------------------------

--
-- Table structure for table `tbl_site`
--

CREATE TABLE `tbl_site` (
  `site_id` int(11) NOT NULL,
  `site_name` varchar(100) DEFAULT NULL,
  `site_title` varchar(200) DEFAULT NULL,
  `site_description` text DEFAULT NULL,
  `site_favicon` varchar(50) DEFAULT NULL,
  `site_logo_header` varchar(50) DEFAULT NULL,
  `site_logo_footer` varchar(50) DEFAULT NULL,
  `site_logo_big` varchar(50) DEFAULT NULL,
  `site_facebook` varchar(150) DEFAULT NULL,
  `site_twitter` varchar(150) DEFAULT NULL,
  `site_instagram` varchar(150) DEFAULT NULL,
  `site_pinterest` varchar(150) DEFAULT NULL,
  `site_linkedin` varchar(150) DEFAULT NULL
) ENGINE=InnoDB DEFAULT CHARSET=latin1;

--
-- Dumping data for table `tbl_site`
--

INSERT INTO `tbl_site` (`site_id`, `site_name`, `site_title`, `site_description`, `site_favicon`, `site_logo_header`, `site_logo_footer`, `site_logo_big`, `site_facebook`, `site_twitter`, `site_instagram`, `site_pinterest`, `site_linkedin`) VALUES
(1, 'SEJARAH BENGKULU', 'SEJARAH BENGKULU - KISAH LAMPAU KOTA BENGKULU', 'Menampilkan artikel-artikel sejarah mengenai kota Bengkulu', 'favicon.png', 'logo-header.png', 'favicon.png', 'logo-big.png', '#', '#', '#', '#', '#');

-- --------------------------------------------------------

--
-- Table structure for table `tbl_subscribe`
--

CREATE TABLE `tbl_subscribe` (
  `subscribe_id` int(11) NOT NULL,
  `subscribe_email` varchar(100) DEFAULT NULL,
  `subscribe_created_at` timestamp NULL DEFAULT current_timestamp(),
  `subscribe_status` int(11) DEFAULT 0,
  `subscribe_rating` int(11) DEFAULT 0
) ENGINE=InnoDB DEFAULT CHARSET=latin1;

--
-- Dumping data for table `tbl_subscribe`
--

INSERT INTO `tbl_subscribe` (`subscribe_id`, `subscribe_email`, `subscribe_created_at`, `subscribe_status`, `subscribe_rating`) VALUES
(6, 'abdulhamid@gmail.com', '2021-11-09 15:17:08', 1, 1);

-- --------------------------------------------------------

--
-- Table structure for table `tbl_tags`
--

CREATE TABLE `tbl_tags` (
  `tag_id` int(11) NOT NULL,
  `tag_name` varchar(200) DEFAULT NULL
) ENGINE=InnoDB DEFAULT CHARSET=latin1;

--
-- Dumping data for table `tbl_tags`
--

INSERT INTO `tbl_tags` (`tag_id`, `tag_name`) VALUES
(1, 'Tag 1'),
(2, 'Tag 2'),
(3, 'Tag 3'),
(4, 'Tag 4');

-- --------------------------------------------------------

--
-- Table structure for table `tbl_testimonial`
--

CREATE TABLE `tbl_testimonial` (
  `testimonial_id` int(11) NOT NULL,
  `testimonial_name` varchar(50) DEFAULT NULL,
  `testimonial_content` text DEFAULT NULL,
  `testimonial_image` varchar(50) DEFAULT NULL,
  `testimonial_created_at` timestamp NULL DEFAULT current_timestamp()
) ENGINE=InnoDB DEFAULT CHARSET=latin1;

--
-- Dumping data for table `tbl_testimonial`
--

INSERT INTO `tbl_testimonial` (`testimonial_id`, `testimonial_name`, `testimonial_content`, `testimonial_image`, `testimonial_created_at`) VALUES
(1, 'M Fikri, Founder of mfikri.com', 'Ini adalah source code yang luar biasa. simple, elegan, full responsif, cepat, dan mudah di customize oleh web developer pemula.', 'b4d8e2b191213f72dc41ce768b03b2d9.png', '2020-01-03 03:31:51');

-- --------------------------------------------------------

--
-- Table structure for table `tbl_user`
--

CREATE TABLE `tbl_user` (
  `user_id` int(11) NOT NULL,
  `user_name` varchar(100) DEFAULT NULL,
  `user_email` varchar(60) DEFAULT NULL,
  `user_password` varchar(40) DEFAULT NULL,
  `user_level` varchar(10) DEFAULT NULL,
  `user_status` varchar(10) DEFAULT '1',
  `user_photo` varchar(40) DEFAULT NULL
) ENGINE=InnoDB DEFAULT CHARSET=latin1;

--
-- Dumping data for table `tbl_user`
--

INSERT INTO `tbl_user` (`user_id`, `user_name`, `user_email`, `user_password`, `user_level`, `user_status`, `user_photo`) VALUES
(1, 'Idris Gatra Putra', 'idrisgatra@gmail.com', '5a5cd9b96202247c5cf1de4dbc4a680e', '1', '1', '6e8d04ed26bb946c66cab84e4d531610.jpeg'),
(2, 'Elvika Ghea Valencia', 'elvikaghea@gmail.com', '213072b79bc77373f3637fce0c03c539', '2', '1', '85ea077fade7059781fbd5e975c2cf36.jpeg'),
(5, 'Michael Exaudi Siregar', 'michaelex@gmail.com', '56cf01f6edfe9598b5e23407fe290990', '2', '1', '8b2095598d5735256378e498417876ef.jpg');

-- --------------------------------------------------------

--
-- Table structure for table `tbl_visitors`
--

CREATE TABLE `tbl_visitors` (
  `visit_id` int(11) NOT NULL,
  `visit_date` timestamp NULL DEFAULT current_timestamp(),
  `visit_ip` varchar(50) DEFAULT NULL,
  `visit_platform` varchar(100) DEFAULT NULL
) ENGINE=InnoDB DEFAULT CHARSET=latin1;

--
-- Dumping data for table `tbl_visitors`
--

INSERT INTO `tbl_visitors` (`visit_id`, `visit_date`, `visit_ip`, `visit_platform`) VALUES
(541327, '2019-03-18 14:07:36', '::1', 'Firefox'),
(541328, '2019-03-19 03:33:51', '::1', 'Chrome'),
(541329, '2019-03-20 01:00:19', '::1', 'Chrome'),
(541330, '2019-04-05 01:53:28', '::1', 'Firefox'),
(541331, '2019-04-06 01:37:35', '::1', 'Chrome'),
(541332, '2019-04-06 23:04:12', '::1', 'Chrome'),
(541333, '2019-04-09 12:19:32', '::1', 'Chrome'),
(541334, '2019-04-10 01:33:03', '::1', 'Chrome'),
(541335, '2019-04-11 03:30:38', '::1', 'Chrome'),
(541336, '2019-04-11 03:30:38', '::1', 'Chrome'),
(541337, '2019-04-12 03:51:42', '::1', 'Chrome'),
(541338, '2019-04-12 21:55:51', '::1', 'Chrome'),
(541339, '2019-04-14 01:30:40', '::1', 'Chrome'),
(541340, '2019-04-15 01:42:53', '::1', 'Chrome'),
(541341, '2019-05-08 02:07:09', '::1', 'Chrome'),
(541342, '2019-05-21 05:55:14', '::1', 'Firefox'),
(541343, '2019-08-28 07:08:22', '::1', 'Firefox'),
(541344, '2019-12-17 06:04:57', '::1', 'Firefox'),
(541345, '2019-12-18 01:34:25', '::1', 'Firefox'),
(541346, '2019-12-19 02:21:23', '::1', 'Firefox'),
(541347, '2019-12-20 07:47:00', '::1', 'Firefox'),
(541348, '2019-12-28 02:58:34', '::1', 'Firefox'),
(541349, '2019-12-29 08:48:39', '::1', 'Firefox'),
(541350, '2019-12-30 03:24:04', '::1', 'Firefox'),
(541351, '2019-12-31 02:47:15', '::1', 'Firefox'),
(541352, '2020-01-01 02:24:55', '::1', 'Firefox'),
(541353, '2020-01-02 01:58:25', '::1', 'Firefox'),
(541354, '2020-01-03 03:15:30', '::1', 'Firefox'),
(541355, '2020-01-04 03:31:49', '::1', 'Firefox'),
(541356, '2020-01-05 06:58:35', '127.0.0.1', 'Firefox'),
(541357, '2020-01-06 06:03:25', '::1', 'Firefox'),
(541358, '2020-01-07 00:57:59', '::1', 'Firefox'),
(541359, '2020-01-08 05:53:44', '::1', 'Firefox'),
(541360, '2020-01-12 04:18:15', '::1', 'Firefox'),
(541361, '2021-10-27 18:00:31', '::1', 'Chrome'),
(541362, '2021-11-01 17:56:35', '::1', 'Chrome'),
(541363, '2021-11-02 18:05:42', '::1', 'Chrome'),
(541364, '2021-11-06 18:50:16', '::1', 'Chrome'),
(541365, '2021-11-08 11:30:23', '::1', 'Chrome'),
(541366, '2021-11-09 11:27:07', '::1', 'Chrome'),
(541367, '2021-11-09 17:06:32', '::1', 'Chrome');

--
-- Indexes for dumped tables
--

--
-- Indexes for table `tbl_about`
--
ALTER TABLE `tbl_about`
  ADD PRIMARY KEY (`about_id`);

--
-- Indexes for table `tbl_category`
--
ALTER TABLE `tbl_category`
  ADD PRIMARY KEY (`category_id`);

--
-- Indexes for table `tbl_comment`
--
ALTER TABLE `tbl_comment`
  ADD PRIMARY KEY (`comment_id`);

--
-- Indexes for table `tbl_home`
--
ALTER TABLE `tbl_home`
  ADD PRIMARY KEY (`home_id`);

--
-- Indexes for table `tbl_inbox`
--
ALTER TABLE `tbl_inbox`
  ADD PRIMARY KEY (`inbox_id`);

--
-- Indexes for table `tbl_navbar`
--
ALTER TABLE `tbl_navbar`
  ADD PRIMARY KEY (`navbar_id`);

--
-- Indexes for table `tbl_post`
--
ALTER TABLE `tbl_post`
  ADD PRIMARY KEY (`post_id`);

--
-- Indexes for table `tbl_post_views`
--
ALTER TABLE `tbl_post_views`
  ADD PRIMARY KEY (`view_id`);

--
-- Indexes for table `tbl_site`
--
ALTER TABLE `tbl_site`
  ADD PRIMARY KEY (`site_id`);

--
-- Indexes for table `tbl_subscribe`
--
ALTER TABLE `tbl_subscribe`
  ADD PRIMARY KEY (`subscribe_id`);

--
-- Indexes for table `tbl_tags`
--
ALTER TABLE `tbl_tags`
  ADD PRIMARY KEY (`tag_id`);

--
-- Indexes for table `tbl_testimonial`
--
ALTER TABLE `tbl_testimonial`
  ADD PRIMARY KEY (`testimonial_id`);

--
-- Indexes for table `tbl_user`
--
ALTER TABLE `tbl_user`
  ADD PRIMARY KEY (`user_id`);

--
-- Indexes for table `tbl_visitors`
--
ALTER TABLE `tbl_visitors`
  ADD PRIMARY KEY (`visit_id`);

--
-- AUTO_INCREMENT for dumped tables
--

--
-- AUTO_INCREMENT for table `tbl_about`
--
ALTER TABLE `tbl_about`
  MODIFY `about_id` int(11) NOT NULL AUTO_INCREMENT, AUTO_INCREMENT=2;

--
-- AUTO_INCREMENT for table `tbl_category`
--
ALTER TABLE `tbl_category`
  MODIFY `category_id` int(11) NOT NULL AUTO_INCREMENT, AUTO_INCREMENT=8;

--
-- AUTO_INCREMENT for table `tbl_comment`
--
ALTER TABLE `tbl_comment`
  MODIFY `comment_id` int(11) NOT NULL AUTO_INCREMENT, AUTO_INCREMENT=7;

--
-- AUTO_INCREMENT for table `tbl_home`
--
ALTER TABLE `tbl_home`
  MODIFY `home_id` int(11) NOT NULL AUTO_INCREMENT, AUTO_INCREMENT=2;

--
-- AUTO_INCREMENT for table `tbl_inbox`
--
ALTER TABLE `tbl_inbox`
  MODIFY `inbox_id` int(11) NOT NULL AUTO_INCREMENT, AUTO_INCREMENT=3;

--
-- AUTO_INCREMENT for table `tbl_navbar`
--
ALTER TABLE `tbl_navbar`
  MODIFY `navbar_id` int(11) NOT NULL AUTO_INCREMENT, AUTO_INCREMENT=14;

--
-- AUTO_INCREMENT for table `tbl_post`
--
ALTER TABLE `tbl_post`
  MODIFY `post_id` int(11) NOT NULL AUTO_INCREMENT, AUTO_INCREMENT=11;

--
-- AUTO_INCREMENT for table `tbl_post_views`
--
ALTER TABLE `tbl_post_views`
  MODIFY `view_id` int(11) NOT NULL AUTO_INCREMENT, AUTO_INCREMENT=67;

--
-- AUTO_INCREMENT for table `tbl_site`
--
ALTER TABLE `tbl_site`
  MODIFY `site_id` int(11) NOT NULL AUTO_INCREMENT, AUTO_INCREMENT=2;

--
-- AUTO_INCREMENT for table `tbl_subscribe`
--
ALTER TABLE `tbl_subscribe`
  MODIFY `subscribe_id` int(11) NOT NULL AUTO_INCREMENT, AUTO_INCREMENT=8;

--
-- AUTO_INCREMENT for table `tbl_tags`
--
ALTER TABLE `tbl_tags`
  MODIFY `tag_id` int(11) NOT NULL AUTO_INCREMENT, AUTO_INCREMENT=5;

--
-- AUTO_INCREMENT for table `tbl_testimonial`
--
ALTER TABLE `tbl_testimonial`
  MODIFY `testimonial_id` int(11) NOT NULL AUTO_INCREMENT, AUTO_INCREMENT=3;

--
-- AUTO_INCREMENT for table `tbl_user`
--
ALTER TABLE `tbl_user`
  MODIFY `user_id` int(11) NOT NULL AUTO_INCREMENT, AUTO_INCREMENT=6;

--
-- AUTO_INCREMENT for table `tbl_visitors`
--
ALTER TABLE `tbl_visitors`
  MODIFY `visit_id` int(11) NOT NULL AUTO_INCREMENT, AUTO_INCREMENT=541368;
COMMIT;

/*!40101 SET CHARACTER_SET_CLIENT=@OLD_CHARACTER_SET_CLIENT */;
/*!40101 SET CHARACTER_SET_RESULTS=@OLD_CHARACTER_SET_RESULTS */;
/*!40101 SET COLLATION_CONNECTION=@OLD_COLLATION_CONNECTION */;
